insert into cliente (id, nombre, telefono, direccion, correo, password) values (1, 'Ambrosio McClifferty', '917-689-8383', 'Room 1110', 'correo@gmail.com', '$2b$05$LzZswEHVlzkE7LfmGqERqexwWpoea6uzp6sS7Zka3eGbqeImwQL86');
insert into cliente (id, nombre, telefono, direccion, correo, password) values (2, 'Audre Suller', '791-393-6630', 'Suite 64', 'asuller1@acquirethisname.com', 'bC7"6cAZuH');
insert into cliente (id, nombre, telefono, direccion, correo, password) values (3, 'Krystyna Liccardi', '922-567-1310', 'Room 401', 'kliccardi2@eventbrite.com', 'lJ7%5W{3b>4{)o{');
insert into cliente (id, nombre, telefono, direccion, correo, password) values (4, 'Kipp Renshell', '656-416-4633', 'Suite 76', 'krenshell3@nymag.com', 'jI1{&E5M');
insert into cliente (id, nombre, telefono, direccion, correo, password) values (5, 'Ilyse Curton', '571-931-5048', 'PO Box 6356', 'icurton4@opera.com', 'yZ1!y,1_\TcQYz$');
insert into cliente (id, nombre, telefono, direccion, correo, password) values (6, 'Boone Larvent', '630-618-8298', 'Suite 78', 'blarvent5@hexun.com', 'pF0*t,x>s(9+O5');
insert into cliente (id, nombre, telefono, direccion, correo, password) values (7, 'Dorey Layhe', '204-548-9488', 'Apt 830', 'dlayhe6@163.com', 'tZ9''u+%yowsw');
insert into cliente (id, nombre, telefono, direccion, correo, password) values (8, 'Ingmar Myderscough', '250-791-5926', 'Room 123', 'imyderscough7@digg.com', 'zM2_''2,Jk2o.');
insert into cliente (id, nombre, telefono, direccion, correo, password) values (9, 'Iago Antonnikov', '892-429-6650', 'Apt 534', 'iantonnikov8@jiathis.com', 'xV4=iH_Ah%H');
insert into cliente (id, nombre, telefono, direccion, correo, password) values (10, 'Marne Fairpo', '427-714-7991', 'PO Box 92229', 'mfairpo9@hatena.ne.jp', 'eD4(NHZKMP_&');

insert into estado_factura set id=1, estado='pendiente';
insert into estado_factura set id=2, estado='pagada';
insert into estado_factura set id=3, estado='cancelada';

insert into categoria (id, nombre) values (1, 'Drama');
insert into categoria (id, nombre) values (2, 'Crime|Drama|Thriller');
insert into categoria (id, nombre) values (3, 'Comedy|Documentary');
insert into categoria (id, nombre) values (4, 'Drama|Romance');
insert into categoria (id, nombre) values (5, 'Drama');
insert into categoria (id, nombre) values (6, 'Action|Sci-Fi|War');
insert into categoria (id, nombre) values (7, 'Comedy|Drama');
insert into categoria (id, nombre) values (8, 'Drama|Fantasy|Musical');
insert into categoria (id, nombre) values (9, 'Crime|Thriller');
insert into categoria (id, nombre) values (10, 'Action|Comedy|Western');

insert into autor (id, nombre, pais_origen, biografia) values (1, 'Bernarr Shaw', 'China', 'Integer ac leo. Pellentesque ultrices mattis odio. Donec vitae nisi.

Nam ultrices, libero non mattis pulvinar, nulla pede ullamcorper augue, a suscipit nulla elit ac nulla. Sed vel enim sit amet nunc viverra dapibus. Nulla suscipit ligula in lacus.

Curabitur at ipsum ac tellus semper interdum. Mauris ullamcorper purus sit amet nulla. Quisque arcu libero, rutrum ac, lobortis vel, dapibus at, diam.');
insert into autor (id, nombre, pais_origen, biografia) values (2, 'Hyacinthie Pitway', 'Philippines', 'Proin eu mi. Nulla ac enim. In tempor, turpis nec euismod scelerisque, quam turpis adipiscing lorem, vitae mattis nibh ligula nec sem.

Duis aliquam convallis nunc. Proin at turpis a pede posuere nonummy. Integer non velit.

Donec diam neque, vestibulum eget, vulputate ut, ultrices vel, augue. Vestibulum ante ipsum primis in faucibus orci luctus et ultrices posuere cubilia Curae; Donec pharetra, magna vestibulum aliquet ultrices, erat tortor sollicitudin mi, sit amet lobortis sapien sapien non mi. Integer ac neque.');
insert into autor (id, nombre, pais_origen, biografia) values (3, 'Cordie Moore', 'Colombia', 'Vestibulum ac est lacinia nisi venenatis tristique. Fusce congue, diam id ornare imperdiet, sapien urna pretium nisl, ut volutpat sapien arcu sed augue. Aliquam erat volutpat.

In congue. Etiam justo. Etiam pretium iaculis justo.');
insert into autor (id, nombre, pais_origen, biografia) values (4, 'Lorens Mate', 'United States', 'Duis bibendum, felis sed interdum venenatis, turpis enim blandit mi, in porttitor pede justo eu massa. Donec dapibus. Duis at velit eu est congue elementum.

In hac habitasse platea dictumst. Morbi vestibulum, velit id pretium iaculis, diam erat fermentum justo, nec condimentum neque sapien placerat ante. Nulla justo.');
insert into autor (id, nombre, pais_origen, biografia) values (5, 'Onfre Lackmann', 'Indonesia', 'Sed ante. Vivamus tortor. Duis mattis egestas metus.

Aenean fermentum. Donec ut mauris eget massa tempor convallis. Nulla neque libero, convallis eget, eleifend luctus, ultricies eu, nibh.');
insert into autor (id, nombre, pais_origen, biografia) values (6, 'Genna Mainland', 'Thailand', 'Nam ultrices, libero non mattis pulvinar, nulla pede ullamcorper augue, a suscipit nulla elit ac nulla. Sed vel enim sit amet nunc viverra dapibus. Nulla suscipit ligula in lacus.');
insert into autor (id, nombre, pais_origen, biografia) values (7, 'Reggie Whitney', 'Ukraine', 'Sed ante. Vivamus tortor. Duis mattis egestas metus.

Aenean fermentum. Donec ut mauris eget massa tempor convallis. Nulla neque libero, convallis eget, eleifend luctus, ultricies eu, nibh.

Quisque id justo sit amet sapien dignissim vestibulum. Vestibulum ante ipsum primis in faucibus orci luctus et ultrices posuere cubilia Curae; Nulla dapibus dolor vel est. Donec odio justo, sollicitudin ut, suscipit a, feugiat et, eros.');
insert into autor (id, nombre, pais_origen, biografia) values (8, 'Cortney Duffit', 'Russia', 'Nullam porttitor lacus at turpis. Donec posuere metus vitae ipsum. Aliquam non mauris.');
insert into autor (id, nombre, pais_origen, biografia) values (9, 'Mariya Brownsword', 'Poland', 'Proin interdum mauris non ligula pellentesque ultrices. Phasellus id sapien in sapien iaculis congue. Vivamus metus arcu, adipiscing molestie, hendrerit at, vulputate vitae, nisl.');
insert into autor (id, nombre, pais_origen, biografia) values (10, 'Stephenie Blunsen', 'Botswana', 'In congue. Etiam justo. Etiam pretium iaculis justo.

In hac habitasse platea dictumst. Etiam faucibus cursus urna. Ut tellus.

Nulla ut erat id mauris vulputate elementum. Nullam varius. Nulla facilisi.');

insert into libro (id, titulo, publicacion_year, disponibilidad, sinopsis, precio, autor_id, imagen_url) values (1, 'Rev', 2011, 13, 'Sed ante. Vivamus tortor. Duis mattis egestas metus.

Aenean fermentum. Donec ut mauris eget massa tempor convallis. Nulla neque libero, convallis eget, eleifend luctus, ultricies eu, nibh.

Quisque id justo sit amet sapien dignissim vestibulum. Vestibulum ante ipsum primis in faucibus orci luctus et ultrices posuere cubilia Curae; Nulla dapibus dolor vel est. Donec odio justo, sollicitudin ut, suscipit a, feugiat et, eros.', 18800, 5, 'http://dummyimage.com/382x1258.png/5fa2dd/ffffff');
insert into libro (id, titulo, publicacion_year, disponibilidad, sinopsis, precio, autor_id, imagen_url) values (2, 'Mrs', 2019, 29, 'Proin leo odio, porttitor id, consequat in, consequat ut, nulla. Sed accumsan felis. Ut at dolor quis odio consequat varius.

Integer ac leo. Pellentesque ultrices mattis odio. Donec vitae nisi.', 78900, 5, 'http://dummyimage.com/624x1024.png/5fa2dd/ffffff');
insert into libro (id, titulo, publicacion_year, disponibilidad, sinopsis, precio, autor_id, imagen_url) values (3, 'Mrs', 2003, 48, 'Suspendisse potenti. In eleifend quam a odio. In hac habitasse platea dictumst.

Maecenas ut massa quis augue luctus tincidunt. Nulla mollis molestie lorem. Quisque ut erat.

Curabitur gravida nisi at nibh. In hac habitasse platea dictumst. Aliquam augue quam, sollicitudin vitae, consectetuer eget, rutrum at, lorem.

Integer tincidunt ante vel ipsum. Praesent blandit lacinia erat. Vestibulum sed magna at nunc commodo placerat.

Praesent blandit. Nam nulla. Integer pede justo, lacinia eget, tincidunt eget, tempus vel, pede.', 62900, 4, 'http://dummyimage.com/640x1086.png/5fa2dd/ffffff');
insert into libro (id, titulo, publicacion_year, disponibilidad, sinopsis, precio, autor_id, imagen_url) values (4, 'Rev', 2005, 27, 'Quisque porta volutpat erat. Quisque erat eros, viverra eget, congue eget, semper rutrum, nulla. Nunc purus.

Phasellus in felis. Donec semper sapien a libero. Nam dui.

Proin leo odio, porttitor id, consequat in, consequat ut, nulla. Sed accumsan felis. Ut at dolor quis odio consequat varius.

Integer ac leo. Pellentesque ultrices mattis odio. Donec vitae nisi.', 116400, 5, 'http://dummyimage.com/523x540.png/cc0000/ffffff');
insert into libro (id, titulo, publicacion_year, disponibilidad, sinopsis, precio, autor_id, imagen_url) values (5, 'Rev', 2017, 17, 'Vestibulum quam sapien, varius ut, blandit non, interdum in, ante. Vestibulum ante ipsum primis in faucibus orci luctus et ultrices posuere cubilia Curae; Duis faucibus accumsan odio. Curabitur convallis.

Duis consequat dui nec nisi volutpat eleifend. Donec ut dolor. Morbi vel lectus in quam fringilla rhoncus.

Mauris enim leo, rhoncus sed, vestibulum sit amet, cursus id, turpis. Integer aliquet, massa id lobortis convallis, tortor risus dapibus augue, vel accumsan tellus nisi eu orci. Mauris lacinia sapien quis libero.

Nullam sit amet turpis elementum ligula vehicula consequat. Morbi a ipsum. Integer a nibh.

In quis justo. Maecenas rhoncus aliquam lacus. Morbi quis tortor id nulla ultrices aliquet.', 103600, 1, 'http://dummyimage.com/498x1132.png/ff4444/ffffff');
insert into libro (id, titulo, publicacion_year, disponibilidad, sinopsis, precio, autor_id, imagen_url) values (6, 'Dr', 2013, 5, 'Praesent blandit. Nam nulla. Integer pede justo, lacinia eget, tincidunt eget, tempus vel, pede.

Morbi porttitor lorem id ligula. Suspendisse ornare consequat lectus. In est risus, auctor sed, tristique in, tempus sit amet, sem.

Fusce consequat. Nulla nisl. Nunc nisl.', 23400, 8, 'http://dummyimage.com/371x756.png/cc0000/ffffff');
insert into libro (id, titulo, publicacion_year, disponibilidad, sinopsis, precio, autor_id, imagen_url) values (7, 'Rev', 2011, 15, 'In quis justo. Maecenas rhoncus aliquam lacus. Morbi quis tortor id nulla ultrices aliquet.

Maecenas leo odio, condimentum id, luctus nec, molestie sed, justo. Pellentesque viverra pede ac diam. Cras pellentesque volutpat dui.', 163400, 8, 'http://dummyimage.com/718x1088.png/ff4444/ffffff');
insert into libro (id, titulo, publicacion_year, disponibilidad, sinopsis, precio, autor_id, imagen_url) values (8, 'Mrs', 2003, 29, 'Integer tincidunt ante vel ipsum. Praesent blandit lacinia erat. Vestibulum sed magna at nunc commodo placerat.

Praesent blandit. Nam nulla. Integer pede justo, lacinia eget, tincidunt eget, tempus vel, pede.

Morbi porttitor lorem id ligula. Suspendisse ornare consequat lectus. In est risus, auctor sed, tristique in, tempus sit amet, sem.

Fusce consequat. Nulla nisl. Nunc nisl.', 14800, 10, 'http://dummyimage.com/479x937.png/5fa2dd/ffffff');
insert into libro (id, titulo, publicacion_year, disponibilidad, sinopsis, precio, autor_id, imagen_url) values (9, 'Ms', 2013, 16, 'Praesent id massa id nisl venenatis lacinia. Aenean sit amet justo. Morbi ut odio.

Cras mi pede, malesuada in, imperdiet et, commodo vulputate, justo. In blandit ultrices enim. Lorem ipsum dolor sit amet, consectetuer adipiscing elit.', 117100, 5, 'http://dummyimage.com/546x563.png/5fa2dd/ffffff');
insert into libro (id, titulo, publicacion_year, disponibilidad, sinopsis, precio, autor_id, imagen_url) values (10, 'Dr', 2015, 19, 'Vestibulum ac est lacinia nisi venenatis tristique. Fusce congue, diam id ornare imperdiet, sapien urna pretium nisl, ut volutpat sapien arcu sed augue. Aliquam erat volutpat.

In congue. Etiam justo. Etiam pretium iaculis justo.

In hac habitasse platea dictumst. Etiam faucibus cursus urna. Ut tellus.

Nulla ut erat id mauris vulputate elementum. Nullam varius. Nulla facilisi.', 161400, 4, 'http://dummyimage.com/617x678.png/dddddd/000000');
insert into libro (id, titulo, publicacion_year, disponibilidad, sinopsis, precio, autor_id, imagen_url) values (11, 'Honorable', 2014, 47, 'Duis bibendum. Morbi non quam nec dui luctus rutrum. Nulla tellus.

In sagittis dui vel nisl. Duis ac nibh. Fusce lacus purus, aliquet at, feugiat non, pretium quis, lectus.

Suspendisse potenti. In eleifend quam a odio. In hac habitasse platea dictumst.

Maecenas ut massa quis augue luctus tincidunt. Nulla mollis molestie lorem. Quisque ut erat.

Curabitur gravida nisi at nibh. In hac habitasse platea dictumst. Aliquam augue quam, sollicitudin vitae, consectetuer eget, rutrum at, lorem.', 115100, 10, 'http://dummyimage.com/526x962.png/dddddd/000000');
insert into libro (id, titulo, publicacion_year, disponibilidad, sinopsis, precio, autor_id, imagen_url) values (12, 'Dr', 2012, 46, 'Duis bibendum, felis sed interdum venenatis, turpis enim blandit mi, in porttitor pede justo eu massa. Donec dapibus. Duis at velit eu est congue elementum.', 127700, 4, 'http://dummyimage.com/495x892.png/ff4444/ffffff');
insert into libro (id, titulo, publicacion_year, disponibilidad, sinopsis, precio, autor_id, imagen_url) values (13, 'Honorable', 2009, 35, 'Fusce consequat. Nulla nisl. Nunc nisl.

Duis bibendum, felis sed interdum venenatis, turpis enim blandit mi, in porttitor pede justo eu massa. Donec dapibus. Duis at velit eu est congue elementum.

In hac habitasse platea dictumst. Morbi vestibulum, velit id pretium iaculis, diam erat fermentum justo, nec condimentum neque sapien placerat ante. Nulla justo.', 99600, 4, 'http://dummyimage.com/673x621.png/cc0000/ffffff');
insert into libro (id, titulo, publicacion_year, disponibilidad, sinopsis, precio, autor_id, imagen_url) values (14, 'Dr', 2012, 36, 'Maecenas tristique, est et tempus semper, est quam pharetra magna, ac consequat metus sapien ut nunc. Vestibulum ante ipsum primis in faucibus orci luctus et ultrices posuere cubilia Curae; Mauris viverra diam vitae quam. Suspendisse potenti.', 80700, 7, 'http://dummyimage.com/526x1227.png/cc0000/ffffff');
insert into libro (id, titulo, publicacion_year, disponibilidad, sinopsis, precio, autor_id, imagen_url) values (15, 'Rev', 2009, 12, 'Suspendisse potenti. In eleifend quam a odio. In hac habitasse platea dictumst.', 176700, 2, 'http://dummyimage.com/513x1230.png/5fa2dd/ffffff');
insert into libro (id, titulo, publicacion_year, disponibilidad, sinopsis, precio, autor_id, imagen_url) values (16, 'Rev', 2012, 24, 'Phasellus in felis. Donec semper sapien a libero. Nam dui.

Proin leo odio, porttitor id, consequat in, consequat ut, nulla. Sed accumsan felis. Ut at dolor quis odio consequat varius.', 11700, 8, 'http://dummyimage.com/639x455.png/dddddd/000000');
insert into libro (id, titulo, publicacion_year, disponibilidad, sinopsis, precio, autor_id, imagen_url) values (17, 'Mr', 2015, 19, 'Cum sociis natoque penatibus et magnis dis parturient montes, nascetur ridiculus mus. Vivamus vestibulum sagittis sapien. Cum sociis natoque penatibus et magnis dis parturient montes, nascetur ridiculus mus.

Etiam vel augue. Vestibulum rutrum rutrum neque. Aenean auctor gravida sem.

Praesent id massa id nisl venenatis lacinia. Aenean sit amet justo. Morbi ut odio.

Cras mi pede, malesuada in, imperdiet et, commodo vulputate, justo. In blandit ultrices enim. Lorem ipsum dolor sit amet, consectetuer adipiscing elit.', 36900, 3, 'http://dummyimage.com/675x622.png/cc0000/ffffff');
insert into libro (id, titulo, publicacion_year, disponibilidad, sinopsis, precio, autor_id, imagen_url) values (18, 'Ms', 2010, 30, 'Nullam porttitor lacus at turpis. Donec posuere metus vitae ipsum. Aliquam non mauris.', 68800, 2, 'http://dummyimage.com/525x1279.png/ff4444/ffffff');
insert into libro (id, titulo, publicacion_year, disponibilidad, sinopsis, precio, autor_id, imagen_url) values (19, 'Mr', 2013, 38, 'Suspendisse potenti. In eleifend quam a odio. In hac habitasse platea dictumst.

Maecenas ut massa quis augue luctus tincidunt. Nulla mollis molestie lorem. Quisque ut erat.', 47700, 5, 'http://dummyimage.com/635x1016.png/dddddd/000000');
insert into libro (id, titulo, publicacion_year, disponibilidad, sinopsis, precio, autor_id, imagen_url) values (20, 'Mrs', 2017, 28, 'Pellentesque at nulla. Suspendisse potenti. Cras in purus eu magna vulputate luctus.

Cum sociis natoque penatibus et magnis dis parturient montes, nascetur ridiculus mus. Vivamus vestibulum sagittis sapien. Cum sociis natoque penatibus et magnis dis parturient montes, nascetur ridiculus mus.

Etiam vel augue. Vestibulum rutrum rutrum neque. Aenean auctor gravida sem.

Praesent id massa id nisl venenatis lacinia. Aenean sit amet justo. Morbi ut odio.', 131600, 9, 'http://dummyimage.com/524x514.png/cc0000/ffffff');
insert into libro (id, titulo, publicacion_year, disponibilidad, sinopsis, precio, autor_id, imagen_url) values (21, 'Mr', 2021, 20, 'Maecenas leo odio, condimentum id, luctus nec, molestie sed, justo. Pellentesque viverra pede ac diam. Cras pellentesque volutpat dui.

Maecenas tristique, est et tempus semper, est quam pharetra magna, ac consequat metus sapien ut nunc. Vestibulum ante ipsum primis in faucibus orci luctus et ultrices posuere cubilia Curae; Mauris viverra diam vitae quam. Suspendisse potenti.

Nullam porttitor lacus at turpis. Donec posuere metus vitae ipsum. Aliquam non mauris.

Morbi non lectus. Aliquam sit amet diam in magna bibendum imperdiet. Nullam orci pede, venenatis non, sodales sed, tincidunt eu, felis.', 36200, 7, 'http://dummyimage.com/446x984.png/5fa2dd/ffffff');
insert into libro (id, titulo, publicacion_year, disponibilidad, sinopsis, precio, autor_id, imagen_url) values (22, 'Ms', 2011, 34, 'Phasellus sit amet erat. Nulla tempus. Vivamus in felis eu sapien cursus vestibulum.

Proin eu mi. Nulla ac enim. In tempor, turpis nec euismod scelerisque, quam turpis adipiscing lorem, vitae mattis nibh ligula nec sem.

Duis aliquam convallis nunc. Proin at turpis a pede posuere nonummy. Integer non velit.

Donec diam neque, vestibulum eget, vulputate ut, ultrices vel, augue. Vestibulum ante ipsum primis in faucibus orci luctus et ultrices posuere cubilia Curae; Donec pharetra, magna vestibulum aliquet ultrices, erat tortor sollicitudin mi, sit amet lobortis sapien sapien non mi. Integer ac neque.', 117600, 1, 'http://dummyimage.com/542x772.png/dddddd/000000');
insert into libro (id, titulo, publicacion_year, disponibilidad, sinopsis, precio, autor_id, imagen_url) values (23, 'Honorable', 2017, 23, 'Sed sagittis. Nam congue, risus semper porta volutpat, quam pede lobortis ligula, sit amet eleifend pede libero quis orci. Nullam molestie nibh in lectus.

Pellentesque at nulla. Suspendisse potenti. Cras in purus eu magna vulputate luctus.

Cum sociis natoque penatibus et magnis dis parturient montes, nascetur ridiculus mus. Vivamus vestibulum sagittis sapien. Cum sociis natoque penatibus et magnis dis parturient montes, nascetur ridiculus mus.

Etiam vel augue. Vestibulum rutrum rutrum neque. Aenean auctor gravida sem.', 78700, 10, 'http://dummyimage.com/604x731.png/cc0000/ffffff');
insert into libro (id, titulo, publicacion_year, disponibilidad, sinopsis, precio, autor_id, imagen_url) values (24, 'Honorable', 2018, 36, 'Lorem ipsum dolor sit amet, consectetuer adipiscing elit. Proin risus. Praesent lectus.

Vestibulum quam sapien, varius ut, blandit non, interdum in, ante. Vestibulum ante ipsum primis in faucibus orci luctus et ultrices posuere cubilia Curae; Duis faucibus accumsan odio. Curabitur convallis.

Duis consequat dui nec nisi volutpat eleifend. Donec ut dolor. Morbi vel lectus in quam fringilla rhoncus.', 69300, 8, 'http://dummyimage.com/483x584.png/5fa2dd/ffffff');
insert into libro (id, titulo, publicacion_year, disponibilidad, sinopsis, precio, autor_id, imagen_url) values (25, 'Rev', 2015, 33, 'Cras non velit nec nisi vulputate nonummy. Maecenas tincidunt lacus at velit. Vivamus vel nulla eget eros elementum pellentesque.

Quisque porta volutpat erat. Quisque erat eros, viverra eget, congue eget, semper rutrum, nulla. Nunc purus.', 49400, 8, 'http://dummyimage.com/394x523.png/dddddd/000000');
insert into libro (id, titulo, publicacion_year, disponibilidad, sinopsis, precio, autor_id, imagen_url) values (26, 'Ms', 2009, 3, 'Mauris enim leo, rhoncus sed, vestibulum sit amet, cursus id, turpis. Integer aliquet, massa id lobortis convallis, tortor risus dapibus augue, vel accumsan tellus nisi eu orci. Mauris lacinia sapien quis libero.

Nullam sit amet turpis elementum ligula vehicula consequat. Morbi a ipsum. Integer a nibh.

In quis justo. Maecenas rhoncus aliquam lacus. Morbi quis tortor id nulla ultrices aliquet.

Maecenas leo odio, condimentum id, luctus nec, molestie sed, justo. Pellentesque viverra pede ac diam. Cras pellentesque volutpat dui.', 55100, 9, 'http://dummyimage.com/397x724.png/dddddd/000000');
insert into libro (id, titulo, publicacion_year, disponibilidad, sinopsis, precio, autor_id, imagen_url) values (27, 'Mrs', 2003, 26, 'In hac habitasse platea dictumst. Etiam faucibus cursus urna. Ut tellus.', 57400, 10, 'http://dummyimage.com/716x663.png/5fa2dd/ffffff');
insert into libro (id, titulo, publicacion_year, disponibilidad, sinopsis, precio, autor_id, imagen_url) values (28, 'Mrs', 2016, 49, 'Proin eu mi. Nulla ac enim. In tempor, turpis nec euismod scelerisque, quam turpis adipiscing lorem, vitae mattis nibh ligula nec sem.

Duis aliquam convallis nunc. Proin at turpis a pede posuere nonummy. Integer non velit.', 92300, 4, 'http://dummyimage.com/470x971.png/ff4444/ffffff');
insert into libro (id, titulo, publicacion_year, disponibilidad, sinopsis, precio, autor_id, imagen_url) values (29, 'Rev', 2016, 6, 'Fusce consequat. Nulla nisl. Nunc nisl.', 168200, 4, 'http://dummyimage.com/493x934.png/5fa2dd/ffffff');
insert into libro (id, titulo, publicacion_year, disponibilidad, sinopsis, precio, autor_id, imagen_url) values (30, 'Honorable', 2010, 41, 'Morbi porttitor lorem id ligula. Suspendisse ornare consequat lectus. In est risus, auctor sed, tristique in, tempus sit amet, sem.

Fusce consequat. Nulla nisl. Nunc nisl.

Duis bibendum, felis sed interdum venenatis, turpis enim blandit mi, in porttitor pede justo eu massa. Donec dapibus. Duis at velit eu est congue elementum.

In hac habitasse platea dictumst. Morbi vestibulum, velit id pretium iaculis, diam erat fermentum justo, nec condimentum neque sapien placerat ante. Nulla justo.', 186100, 1, 'http://dummyimage.com/551x754.png/5fa2dd/ffffff');
insert into libro (id, titulo, publicacion_year, disponibilidad, sinopsis, precio, autor_id, imagen_url) values (31, 'Mrs', 2002, 43, 'Duis bibendum, felis sed interdum venenatis, turpis enim blandit mi, in porttitor pede justo eu massa. Donec dapibus. Duis at velit eu est congue elementum.

In hac habitasse platea dictumst. Morbi vestibulum, velit id pretium iaculis, diam erat fermentum justo, nec condimentum neque sapien placerat ante. Nulla justo.

Aliquam quis turpis eget elit sodales scelerisque. Mauris sit amet eros. Suspendisse accumsan tortor quis turpis.

Sed ante. Vivamus tortor. Duis mattis egestas metus.

Aenean fermentum. Donec ut mauris eget massa tempor convallis. Nulla neque libero, convallis eget, eleifend luctus, ultricies eu, nibh.', 68900, 6, 'http://dummyimage.com/479x834.png/ff4444/ffffff');
insert into libro (id, titulo, publicacion_year, disponibilidad, sinopsis, precio, autor_id, imagen_url) values (32, 'Mrs', 2009, 26, 'Duis aliquam convallis nunc. Proin at turpis a pede posuere nonummy. Integer non velit.

Donec diam neque, vestibulum eget, vulputate ut, ultrices vel, augue. Vestibulum ante ipsum primis in faucibus orci luctus et ultrices posuere cubilia Curae; Donec pharetra, magna vestibulum aliquet ultrices, erat tortor sollicitudin mi, sit amet lobortis sapien sapien non mi. Integer ac neque.', 173700, 1, 'http://dummyimage.com/530x691.png/ff4444/ffffff');
insert into libro (id, titulo, publicacion_year, disponibilidad, sinopsis, precio, autor_id, imagen_url) values (33, 'Ms', 2015, 33, 'Sed sagittis. Nam congue, risus semper porta volutpat, quam pede lobortis ligula, sit amet eleifend pede libero quis orci. Nullam molestie nibh in lectus.

Pellentesque at nulla. Suspendisse potenti. Cras in purus eu magna vulputate luctus.', 73500, 9, 'http://dummyimage.com/697x486.png/5fa2dd/ffffff');
insert into libro (id, titulo, publicacion_year, disponibilidad, sinopsis, precio, autor_id, imagen_url) values (34, 'Rev', 2018, 49, 'Cum sociis natoque penatibus et magnis dis parturient montes, nascetur ridiculus mus. Vivamus vestibulum sagittis sapien. Cum sociis natoque penatibus et magnis dis parturient montes, nascetur ridiculus mus.

Etiam vel augue. Vestibulum rutrum rutrum neque. Aenean auctor gravida sem.

Praesent id massa id nisl venenatis lacinia. Aenean sit amet justo. Morbi ut odio.

Cras mi pede, malesuada in, imperdiet et, commodo vulputate, justo. In blandit ultrices enim. Lorem ipsum dolor sit amet, consectetuer adipiscing elit.

Proin interdum mauris non ligula pellentesque ultrices. Phasellus id sapien in sapien iaculis congue. Vivamus metus arcu, adipiscing molestie, hendrerit at, vulputate vitae, nisl.', 76400, 2, 'http://dummyimage.com/464x587.png/cc0000/ffffff');
insert into libro (id, titulo, publicacion_year, disponibilidad, sinopsis, precio, autor_id, imagen_url) values (35, 'Mr', 2011, 29, 'Nullam sit amet turpis elementum ligula vehicula consequat. Morbi a ipsum. Integer a nibh.

In quis justo. Maecenas rhoncus aliquam lacus. Morbi quis tortor id nulla ultrices aliquet.

Maecenas leo odio, condimentum id, luctus nec, molestie sed, justo. Pellentesque viverra pede ac diam. Cras pellentesque volutpat dui.

Maecenas tristique, est et tempus semper, est quam pharetra magna, ac consequat metus sapien ut nunc. Vestibulum ante ipsum primis in faucibus orci luctus et ultrices posuere cubilia Curae; Mauris viverra diam vitae quam. Suspendisse potenti.

Nullam porttitor lacus at turpis. Donec posuere metus vitae ipsum. Aliquam non mauris.', 50700, 10, 'http://dummyimage.com/375x806.png/dddddd/000000');
insert into libro (id, titulo, publicacion_year, disponibilidad, sinopsis, precio, autor_id, imagen_url) values (36, 'Ms', 2017, 12, 'Cum sociis natoque penatibus et magnis dis parturient montes, nascetur ridiculus mus. Vivamus vestibulum sagittis sapien. Cum sociis natoque penatibus et magnis dis parturient montes, nascetur ridiculus mus.

Etiam vel augue. Vestibulum rutrum rutrum neque. Aenean auctor gravida sem.

Praesent id massa id nisl venenatis lacinia. Aenean sit amet justo. Morbi ut odio.

Cras mi pede, malesuada in, imperdiet et, commodo vulputate, justo. In blandit ultrices enim. Lorem ipsum dolor sit amet, consectetuer adipiscing elit.

Proin interdum mauris non ligula pellentesque ultrices. Phasellus id sapien in sapien iaculis congue. Vivamus metus arcu, adipiscing molestie, hendrerit at, vulputate vitae, nisl.', 124900, 1, 'http://dummyimage.com/382x617.png/5fa2dd/ffffff');
insert into libro (id, titulo, publicacion_year, disponibilidad, sinopsis, precio, autor_id, imagen_url) values (37, 'Honorable', 2015, 29, 'Integer tincidunt ante vel ipsum. Praesent blandit lacinia erat. Vestibulum sed magna at nunc commodo placerat.

Praesent blandit. Nam nulla. Integer pede justo, lacinia eget, tincidunt eget, tempus vel, pede.

Morbi porttitor lorem id ligula. Suspendisse ornare consequat lectus. In est risus, auctor sed, tristique in, tempus sit amet, sem.

Fusce consequat. Nulla nisl. Nunc nisl.

Duis bibendum, felis sed interdum venenatis, turpis enim blandit mi, in porttitor pede justo eu massa. Donec dapibus. Duis at velit eu est congue elementum.', 188300, 8, 'http://dummyimage.com/438x640.png/5fa2dd/ffffff');
insert into libro (id, titulo, publicacion_year, disponibilidad, sinopsis, precio, autor_id, imagen_url) values (38, 'Dr', 2015, 13, 'Aliquam quis turpis eget elit sodales scelerisque. Mauris sit amet eros. Suspendisse accumsan tortor quis turpis.', 96400, 1, 'http://dummyimage.com/379x692.png/dddddd/000000');
insert into libro (id, titulo, publicacion_year, disponibilidad, sinopsis, precio, autor_id, imagen_url) values (39, 'Ms', 2010, 20, 'Curabitur in libero ut massa volutpat convallis. Morbi odio odio, elementum eu, interdum eu, tincidunt in, leo. Maecenas pulvinar lobortis est.

Phasellus sit amet erat. Nulla tempus. Vivamus in felis eu sapien cursus vestibulum.

Proin eu mi. Nulla ac enim. In tempor, turpis nec euismod scelerisque, quam turpis adipiscing lorem, vitae mattis nibh ligula nec sem.

Duis aliquam convallis nunc. Proin at turpis a pede posuere nonummy. Integer non velit.', 61500, 5, 'http://dummyimage.com/460x1042.png/ff4444/ffffff');
insert into libro (id, titulo, publicacion_year, disponibilidad, sinopsis, precio, autor_id, imagen_url) values (40, 'Dr', 2009, 37, 'Curabitur at ipsum ac tellus semper interdum. Mauris ullamcorper purus sit amet nulla. Quisque arcu libero, rutrum ac, lobortis vel, dapibus at, diam.', 43300, 2, 'http://dummyimage.com/673x751.png/5fa2dd/ffffff');
insert into libro (id, titulo, publicacion_year, disponibilidad, sinopsis, precio, autor_id, imagen_url) values (41, 'Dr', 1995, 47, 'Praesent blandit. Nam nulla. Integer pede justo, lacinia eget, tincidunt eget, tempus vel, pede.

Morbi porttitor lorem id ligula. Suspendisse ornare consequat lectus. In est risus, auctor sed, tristique in, tempus sit amet, sem.

Fusce consequat. Nulla nisl. Nunc nisl.

Duis bibendum, felis sed interdum venenatis, turpis enim blandit mi, in porttitor pede justo eu massa. Donec dapibus. Duis at velit eu est congue elementum.', 73100, 6, 'http://dummyimage.com/569x619.png/dddddd/000000');
insert into libro (id, titulo, publicacion_year, disponibilidad, sinopsis, precio, autor_id, imagen_url) values (42, 'Honorable', 2006, 32, 'Maecenas ut massa quis augue luctus tincidunt. Nulla mollis molestie lorem. Quisque ut erat.

Curabitur gravida nisi at nibh. In hac habitasse platea dictumst. Aliquam augue quam, sollicitudin vitae, consectetuer eget, rutrum at, lorem.

Integer tincidunt ante vel ipsum. Praesent blandit lacinia erat. Vestibulum sed magna at nunc commodo placerat.', 52500, 1, 'http://dummyimage.com/603x1112.png/ff4444/ffffff');
insert into libro (id, titulo, publicacion_year, disponibilidad, sinopsis, precio, autor_id, imagen_url) values (43, 'Ms', 2011, 22, 'Cras non velit nec nisi vulputate nonummy. Maecenas tincidunt lacus at velit. Vivamus vel nulla eget eros elementum pellentesque.

Quisque porta volutpat erat. Quisque erat eros, viverra eget, congue eget, semper rutrum, nulla. Nunc purus.

Phasellus in felis. Donec semper sapien a libero. Nam dui.

Proin leo odio, porttitor id, consequat in, consequat ut, nulla. Sed accumsan felis. Ut at dolor quis odio consequat varius.

Integer ac leo. Pellentesque ultrices mattis odio. Donec vitae nisi.', 131500, 2, 'http://dummyimage.com/590x1188.png/5fa2dd/ffffff');
insert into libro (id, titulo, publicacion_year, disponibilidad, sinopsis, precio, autor_id, imagen_url) values (44, 'Ms', 2016, 35, 'Donec diam neque, vestibulum eget, vulputate ut, ultrices vel, augue. Vestibulum ante ipsum primis in faucibus orci luctus et ultrices posuere cubilia Curae; Donec pharetra, magna vestibulum aliquet ultrices, erat tortor sollicitudin mi, sit amet lobortis sapien sapien non mi. Integer ac neque.

Duis bibendum. Morbi non quam nec dui luctus rutrum. Nulla tellus.', 191300, 8, 'http://dummyimage.com/499x949.png/5fa2dd/ffffff');
insert into libro (id, titulo, publicacion_year, disponibilidad, sinopsis, precio, autor_id, imagen_url) values (45, 'Rev', 2017, 49, 'In congue. Etiam justo. Etiam pretium iaculis justo.

In hac habitasse platea dictumst. Etiam faucibus cursus urna. Ut tellus.

Nulla ut erat id mauris vulputate elementum. Nullam varius. Nulla facilisi.

Cras non velit nec nisi vulputate nonummy. Maecenas tincidunt lacus at velit. Vivamus vel nulla eget eros elementum pellentesque.

Quisque porta volutpat erat. Quisque erat eros, viverra eget, congue eget, semper rutrum, nulla. Nunc purus.', 130900, 4, 'http://dummyimage.com/443x1182.png/ff4444/ffffff');
insert into libro (id, titulo, publicacion_year, disponibilidad, sinopsis, precio, autor_id, imagen_url) values (46, 'Honorable', 2012, 32, 'Phasellus sit amet erat. Nulla tempus. Vivamus in felis eu sapien cursus vestibulum.

Proin eu mi. Nulla ac enim. In tempor, turpis nec euismod scelerisque, quam turpis adipiscing lorem, vitae mattis nibh ligula nec sem.

Duis aliquam convallis nunc. Proin at turpis a pede posuere nonummy. Integer non velit.', 152800, 10, 'http://dummyimage.com/640x453.png/5fa2dd/ffffff');
insert into libro (id, titulo, publicacion_year, disponibilidad, sinopsis, precio, autor_id, imagen_url) values (47, 'Honorable', 2015, 9, 'Duis aliquam convallis nunc. Proin at turpis a pede posuere nonummy. Integer non velit.

Donec diam neque, vestibulum eget, vulputate ut, ultrices vel, augue. Vestibulum ante ipsum primis in faucibus orci luctus et ultrices posuere cubilia Curae; Donec pharetra, magna vestibulum aliquet ultrices, erat tortor sollicitudin mi, sit amet lobortis sapien sapien non mi. Integer ac neque.

Duis bibendum. Morbi non quam nec dui luctus rutrum. Nulla tellus.

In sagittis dui vel nisl. Duis ac nibh. Fusce lacus purus, aliquet at, feugiat non, pretium quis, lectus.', 176800, 6, 'http://dummyimage.com/683x1110.png/5fa2dd/ffffff');
insert into libro (id, titulo, publicacion_year, disponibilidad, sinopsis, precio, autor_id, imagen_url) values (48, 'Dr', 2015, 49, 'In congue. Etiam justo. Etiam pretium iaculis justo.

In hac habitasse platea dictumst. Etiam faucibus cursus urna. Ut tellus.

Nulla ut erat id mauris vulputate elementum. Nullam varius. Nulla facilisi.

Cras non velit nec nisi vulputate nonummy. Maecenas tincidunt lacus at velit. Vivamus vel nulla eget eros elementum pellentesque.', 106200, 8, 'http://dummyimage.com/582x1035.png/cc0000/ffffff');
insert into libro (id, titulo, publicacion_year, disponibilidad, sinopsis, precio, autor_id, imagen_url) values (49, 'Mrs', 2002, 22, 'In congue. Etiam justo. Etiam pretium iaculis justo.

In hac habitasse platea dictumst. Etiam faucibus cursus urna. Ut tellus.

Nulla ut erat id mauris vulputate elementum. Nullam varius. Nulla facilisi.', 196000, 4, 'http://dummyimage.com/566x965.png/5fa2dd/ffffff');
insert into libro (id, titulo, publicacion_year, disponibilidad, sinopsis, precio, autor_id, imagen_url) values (50, 'Mr', 2015, 8, 'Phasellus in felis. Donec semper sapien a libero. Nam dui.', 116800, 3, 'http://dummyimage.com/414x691.png/dddddd/000000');

insert into categoria_libro (id, libro_id, categoria_id) values (1, 1, 6);
insert into categoria_libro (id, libro_id, categoria_id) values (2, 6, 6);
insert into categoria_libro (id, libro_id, categoria_id) values (3, 5, 1);
insert into categoria_libro (id, libro_id, categoria_id) values (4, 8, 5);
insert into categoria_libro (id, libro_id, categoria_id) values (5, 9, 5);
insert into categoria_libro (id, libro_id, categoria_id) values (6, 1, 8);
insert into categoria_libro (id, libro_id, categoria_id) values (7, 1, 10);
insert into categoria_libro (id, libro_id, categoria_id) values (8, 4, 4);
insert into categoria_libro (id, libro_id, categoria_id) values (9, 1, 9);
insert into categoria_libro (id, libro_id, categoria_id) values (10, 2, 7);
insert into categoria_libro (libro_id, categoria_id) values (23, 2);
insert into categoria_libro (libro_id, categoria_id) values (44, 6);
insert into categoria_libro (libro_id, categoria_id) values (15, 1);
insert into categoria_libro (libro_id, categoria_id) values (35, 9);
insert into categoria_libro (libro_id, categoria_id) values (45, 3);
insert into categoria_libro (libro_id, categoria_id) values (10, 7);
insert into categoria_libro (libro_id, categoria_id) values (27, 1);
insert into categoria_libro (libro_id, categoria_id) values (12, 7);
insert into categoria_libro (libro_id, categoria_id) values (43, 6);
insert into categoria_libro (libro_id, categoria_id) values (27, 6);
insert into categoria_libro (libro_id, categoria_id) values (39, 5);
insert into categoria_libro (libro_id, categoria_id) values (47, 4);
insert into categoria_libro (libro_id, categoria_id) values (5, 5);
insert into categoria_libro (libro_id, categoria_id) values (24, 3);
insert into categoria_libro (libro_id, categoria_id) values (41, 9);
insert into categoria_libro (libro_id, categoria_id) values (39, 2);
insert into categoria_libro (libro_id, categoria_id) values (14, 1);
insert into categoria_libro (libro_id, categoria_id) values (24, 4);
insert into categoria_libro (libro_id, categoria_id) values (8, 4);
insert into categoria_libro (libro_id, categoria_id) values (49, 2);
insert into categoria_libro (libro_id, categoria_id) values (8, 9);
insert into categoria_libro (libro_id, categoria_id) values (22, 1);
insert into categoria_libro (libro_id, categoria_id) values (20, 3);
insert into categoria_libro (libro_id, categoria_id) values (10, 7);
insert into categoria_libro (libro_id, categoria_id) values (3, 3);
insert into categoria_libro (libro_id, categoria_id) values (6, 5);
insert into categoria_libro (libro_id, categoria_id) values (34, 8);
insert into categoria_libro (libro_id, categoria_id) values (50, 5);
insert into categoria_libro (libro_id, categoria_id) values (25, 1);
insert into categoria_libro (libro_id, categoria_id) values (33, 8);
insert into categoria_libro (libro_id, categoria_id) values (15, 9);
insert into categoria_libro (libro_id, categoria_id) values (25, 5);
insert into categoria_libro (libro_id, categoria_id) values (27, 3);
insert into categoria_libro (libro_id, categoria_id) values (38, 2);
insert into categoria_libro (libro_id, categoria_id) values (7, 8);
insert into categoria_libro (libro_id, categoria_id) values (43, 5);
insert into categoria_libro (libro_id, categoria_id) values (3, 8);
insert into categoria_libro (libro_id, categoria_id) values (9, 10);
insert into categoria_libro (libro_id, categoria_id) values (20, 2);
insert into categoria_libro (libro_id, categoria_id) values (50, 3);
insert into categoria_libro (libro_id, categoria_id) values (16, 1);
insert into categoria_libro (libro_id, categoria_id) values (2, 9);
insert into categoria_libro (libro_id, categoria_id) values (40, 8);
insert into categoria_libro (libro_id, categoria_id) values (1, 7);
insert into categoria_libro (libro_id, categoria_id) values (20, 8);
insert into categoria_libro (libro_id, categoria_id) values (17, 9);
insert into categoria_libro (libro_id, categoria_id) values (42, 10);
insert into categoria_libro (libro_id, categoria_id) values (5, 6);
insert into categoria_libro (libro_id, categoria_id) values (43, 10);
insert into categoria_libro (libro_id, categoria_id) values (5, 8);

insert into factura (id, cliente_id, estado_factura_id) values (1, 1, 2);
insert into factura (id, cliente_id, estado_factura_id) values (2, 8, 3);
insert into factura (id, cliente_id, estado_factura_id) values (3, 5, 1);
insert into factura (id, cliente_id, estado_factura_id) values (4, 9, 2);
insert into factura (id, cliente_id, estado_factura_id) values (5, 3, 1);
insert into factura (id, cliente_id, estado_factura_id) values (6, 10, 2);
insert into factura (id, cliente_id, estado_factura_id) values (7, 7, 2);
insert into factura (id, cliente_id, estado_factura_id) values (8, 8, 2);
insert into factura (id, cliente_id, estado_factura_id) values (9, 4, 2);
insert into factura (id, cliente_id, estado_factura_id) values (10, 3, 2);
insert into factura (cliente_id, estado_factura_id) values (1, 1);
insert into factura (cliente_id, estado_factura_id) values (3, 3);
insert into factura (cliente_id, estado_factura_id) values (3, 3);
insert into factura (cliente_id, estado_factura_id) values (10, 2);
insert into factura (cliente_id, estado_factura_id) values (9, 1);
insert into factura (cliente_id, estado_factura_id) values (1, 1);
insert into factura (cliente_id, estado_factura_id) values (10, 2);
insert into factura (cliente_id, estado_factura_id) values (1, 1);
insert into factura (cliente_id, estado_factura_id) values (9, 2);
insert into factura (cliente_id, estado_factura_id) values (10, 1);
insert into factura (cliente_id, estado_factura_id) values (2, 2);
insert into factura (cliente_id, estado_factura_id) values (7, 3);
insert into factura (cliente_id, estado_factura_id) values (1, 2);
insert into factura (cliente_id, estado_factura_id) values (2, 1);
insert into factura (cliente_id, estado_factura_id) values (1, 3);
insert into factura (cliente_id, estado_factura_id) values (1, 1);
insert into factura (cliente_id, estado_factura_id) values (6, 1);
insert into factura (cliente_id, estado_factura_id) values (1, 3);
insert into factura (cliente_id, estado_factura_id) values (4, 1);
insert into factura (cliente_id, estado_factura_id) values (3, 3);
insert into factura (cliente_id, estado_factura_id) values (7, 2);
insert into factura (cliente_id, estado_factura_id) values (6, 3);
insert into factura (cliente_id, estado_factura_id) values (2, 3);
insert into factura (cliente_id, estado_factura_id) values (10, 3);
insert into factura (cliente_id, estado_factura_id) values (9, 1);
insert into factura (cliente_id, estado_factura_id) values (8, 1);
insert into factura (cliente_id, estado_factura_id) values (8, 2);
insert into factura (cliente_id, estado_factura_id) values (6, 1);
insert into factura (cliente_id, estado_factura_id) values (7, 2);
insert into factura (cliente_id, estado_factura_id) values (10, 3);
insert into factura (cliente_id, estado_factura_id) values (4, 2);
insert into factura (cliente_id, estado_factura_id) values (7, 1);
insert into factura (cliente_id, estado_factura_id) values (3, 1);
insert into factura (cliente_id, estado_factura_id) values (4, 1);
insert into factura (cliente_id, estado_factura_id) values (9, 1);
insert into factura (cliente_id, estado_factura_id) values (7, 2);
insert into factura (cliente_id, estado_factura_id) values (3, 2);
insert into factura (cliente_id, estado_factura_id) values (7, 2);
insert into factura (cliente_id, estado_factura_id) values (4, 3);
insert into factura (cliente_id, estado_factura_id) values (7, 1);
insert into factura (cliente_id, estado_factura_id) values (3, 3);
insert into factura (cliente_id, estado_factura_id) values (9, 3);
insert into factura (cliente_id, estado_factura_id) values (6, 1);
insert into factura (cliente_id, estado_factura_id) values (10, 1);
insert into factura (cliente_id, estado_factura_id) values (7, 1);
insert into factura (cliente_id, estado_factura_id) values (9, 2);
insert into factura (cliente_id, estado_factura_id) values (10, 2);
insert into factura (cliente_id, estado_factura_id) values (5, 2);
insert into factura (cliente_id, estado_factura_id) values (2, 3);
insert into factura (cliente_id, estado_factura_id) values (5, 1);

insert into factura_libro (id, libro_id, factura_id) values (1, 8, 8);
insert into factura_libro (id, libro_id, factura_id) values (2, 3, 9);
insert into factura_libro (id, libro_id, factura_id) values (3, 9, 8);
insert into factura_libro (id, libro_id, factura_id) values (4, 10, 7);
insert into factura_libro (id, libro_id, factura_id) values (5, 5, 1);
insert into factura_libro (id, libro_id, factura_id) values (6, 6, 8);
insert into factura_libro (id, libro_id, factura_id) values (7, 2, 1);
insert into factura_libro (id, libro_id, factura_id) values (8, 3, 8);
insert into factura_libro (id, libro_id, factura_id) values (9, 9, 4);
insert into factura_libro (id, libro_id, factura_id) values (10, 3, 4);
insert into factura_libro (libro_id, factura_id) values (17, 22);
insert into factura_libro (libro_id, factura_id) values (27, 14);
insert into factura_libro (libro_id, factura_id) values (39, 40);
insert into factura_libro (libro_id, factura_id) values (38, 33);
insert into factura_libro (libro_id, factura_id) values (6, 58);
insert into factura_libro (libro_id, factura_id) values (16, 45);
insert into factura_libro (libro_id, factura_id) values (19, 22);
insert into factura_libro (libro_id, factura_id) values (36, 35);
insert into factura_libro (libro_id, factura_id) values (19, 43);
insert into factura_libro (libro_id, factura_id) values (31, 9);
insert into factura_libro (libro_id, factura_id) values (16, 7);
insert into factura_libro (libro_id, factura_id) values (40, 1);
insert into factura_libro (libro_id, factura_id) values (43, 6);
insert into factura_libro (libro_id, factura_id) values (36, 45);
insert into factura_libro (libro_id, factura_id) values (45, 23);
insert into factura_libro (libro_id, factura_id) values (9, 21);
insert into factura_libro (libro_id, factura_id) values (6, 8);
insert into factura_libro (libro_id, factura_id) values (14, 29);
insert into factura_libro (libro_id, factura_id) values (39, 35);
insert into factura_libro (libro_id, factura_id) values (25, 48);
insert into factura_libro (libro_id, factura_id) values (21, 9);
insert into factura_libro (libro_id, factura_id) values (36, 33);
insert into factura_libro (libro_id, factura_id) values (38, 2);
insert into factura_libro (libro_id, factura_id) values (49, 48);
insert into factura_libro (libro_id, factura_id) values (42, 52);
insert into factura_libro (libro_id, factura_id) values (35, 55);
insert into factura_libro (libro_id, factura_id) values (16, 27);
insert into factura_libro (libro_id, factura_id) values (25, 12);
insert into factura_libro (libro_id, factura_id) values (43, 1);
insert into factura_libro (libro_id, factura_id) values (41, 33);
insert into factura_libro (libro_id, factura_id) values (35, 50);
insert into factura_libro (libro_id, factura_id) values (42, 18);
insert into factura_libro (libro_id, factura_id) values (6, 57);
insert into factura_libro (libro_id, factura_id) values (36, 41);
insert into factura_libro (libro_id, factura_id) values (44, 4);
insert into factura_libro (libro_id, factura_id) values (37, 15);
insert into factura_libro (libro_id, factura_id) values (14, 4);
insert into factura_libro (libro_id, factura_id) values (34, 9);
insert into factura_libro (libro_id, factura_id) values (27, 50);
insert into factura_libro (libro_id, factura_id) values (34, 12);
insert into factura_libro (libro_id, factura_id) values (16, 6);
insert into factura_libro (libro_id, factura_id) values (37, 36);
insert into factura_libro (libro_id, factura_id) values (37, 22);
insert into factura_libro (libro_id, factura_id) values (3, 56);
insert into factura_libro (libro_id, factura_id) values (33, 47);
insert into factura_libro (libro_id, factura_id) values (27, 44);
insert into factura_libro (libro_id, factura_id) values (35, 39);
insert into factura_libro (libro_id, factura_id) values (10, 25);
insert into factura_libro (libro_id, factura_id) values (23, 42);
insert into factura_libro (libro_id, factura_id) values (26, 3);

update libro
set publicacion_year='2024'
where cast(publicacion_year as unsigned) < 2010